artists,name,ranking,year
Robin Thicke,LOST WITHOUT U,1,2007
Fantasia,WHEN I SEE U,2,2007
Tank,PLEASE DON'T GO,3,2007
T-Pain Featuring Yung Joc,BUY U A DRANK (SHAWTY SNAPPIN'),4,2007
Musiq Soulchild,TEACHME,5,2007
Lloyd Featuring Lil' Wayne,YOU,6,2007
Beyonce,IRREPLACEABLE,7,2007
Ciara,PROMISE,8,2007
Musiq Soulchild,BUDDY,9,2007
Chris Brown Featuring Jay Biz,POPPIN',10,2007
Justin Timberlake Duet With Beyonce,UNTIL THE END OF TIME,11,2007
Keyshia Cole Featuring Missy Elliott & Lil Kim,LET IT GO,12,2007
Plies Featuring T-Pain,SHAWTY,13,2007
J. Holiday,BED,14,2007
R. Kelly Or Bow Wow (Featuring T.I. & T-Pain),I'M A FLIRT,15,2007
Fabolous Featuring Ne-Yo,MAKE ME BETTER,16,2007
Ne-Yo,DO YOU,17,2007
Rich Boy Featuring Polow Da Don,THROW SOME D'S,18,2007
Omarion,ICE BOX,19,2007
Akon Featuring Snoop Dogg,I WANNA LOVE YOU,20,2007
Unk,WALK IT OUT,21,2007
R. Kelly Duet With Usher,SAME GIRL,22,2007
Mims,THIS IS WHY I'M HOT,23,2007
Lil Boosie Featuring Foxx & Webbie,WIPE ME DOWN,24,2007
Ludacris Featuring Mary J. Blige,RUNAWAY LOVE,25,2007
Beyonce,GET ME BODIED,26,2007
Shop Boyz,PARTY LIKE A ROCKSTAR,27,2007
Soulja Boy Tell'em,CRANK THAT (SOULJA BOY),28,2007
Mary J. Blige,TAKE ME AS I AM,29,2007
Alicia Keys,NO ONE,30,2007
Crime Mob Featuring Lil Scrappy,ROCK YO HIPS,31,2007
Fat Joe Featuring Lil Wayne,MAKE IT RAIN,32,2007
Jim Jones,WE FLY HIGH,33,2007
Justin Timberlake Featuring T.I.,MY LOVE,34,2007
Huey,"POP, LOCK & DROP IT",35,2007
Pretty Ricky,ON THE HOTLINE,36,2007
Kelly Rowland Featuring Eve,LIKE THIS,37,2007
Ne-Yo,BECAUSE OF YOU,38,2007
Rihanna Featuring Jay-Z,UMBRELLA,39,2007
Lloyd,GET IT SHAWTY,40,2007
Diddy Featuring Keyshia Cole,LAST NIGHT,41,2007
T.I.,BIG THINGS POPPIN' (DO IT),42,2007
Unk,2 STEP,43,2007
Bow Wow Featuring Chris Brown & Johnta Austin,SHORTIE LIKE MINE,44,2007
Beyonce Featuring Jay-Z,UPGRADE U,45,2007
Ciara,LIKE A BOY,46,2007
Joe,IF I WAS YOUR MAN,47,2007
T.I.,TOP BACK,48,2007
Akon,DON'T MATTER,49,2007
Robin Thicke,CAN U BELIEVE,50,2007
T-Pain Featuring Akon,BARTENDER,51,2007
Gerald Levert,IN MY SONGS,52,2007
Young Jeezy Featuring R. Kelly,GO GETTA,53,2007
Hurricane Chris,A BAY BAY,54,2007
Playaz Circle Featuring Lil Wayne,DUFFLE BAG BOY,55,2007
Gorilla Zoe,HOOD FIGGA,56,2007
Snoop Dogg Featuring R. Kelly,THAT'S THAT,57,2007
Ciara Featuring 50 Cent,CAN'T LEAVE 'EM ALONE,58,2007
Bow Wow Featuring T-Pain & Johnta Austin,OUTTA MY SYSTEM,59,2007
UGK Featuring OutKast,INT'L PLAYERS ANTHEM (I CHOOSE YOU),60,2007
The-Dream,SHAWTY IS A 10,61,2007
Chris Brown Featuring T-Pain,KISS KISS,62,2007
Mario,HOW DO I BREATHE,63,2007
Ruben Studdard,CHANGE ME,64,2007
Yung Joc Featuring Marques Houston & Trey Songz,1ST TIME,65,2007
Jennifer Hudson,AND I AM TELLING YOU I'M NOT GOING,66,2007
Young Jeezy,I LUV IT,67,2007
Eve,TAMBOURINE,68,2007
Kanye West Featuring T-Pain,GOOD LIFE,69,2007
Bobby Valentino Featuring Timbaland,ANONYMOUS,70,2007
50 Cent,I GET MONEY,71,2007
Yung Berg Featuring Junior,SEXY LADY,72,2007
T.I. Featuring Wyclef Jean,YOU KNOW WHAT IT IS,73,2007
Cupid,CUPID SHUFFLE,74,2007
Gerald Levert,DJ DON'T,75,2007
Trey Songz,CAN'T HELP BUT WAIT,76,2007
Kanye West,CAN'T TELL ME NOTHING,77,2007
Cassidy Featuring Swizz Beatz,MY DRINK N' MY 2 STEP,78,2007
Tamia,CAN'T GET ENOUGH,79,2007
Chrisette Michele,IF I HAVE MY WAY,80,2007
Sean Kingston,BEAUTIFUL GIRLS,81,2007
Tyrese,ONE,82,2007
Gucci Mane,FREAKY GURL,83,2007
Lil Scrappy Featuring Young Buck,MONEY IN THE BANK,84,2007
Ruben Studdard,MAKE YA FEEL BEAUTIFUL,85,2007
"DJ Khaled Featuring T-Pain, Trick Daddy, Rick Ross & Plies",I'M SO HOOD,86,2007
Birdman & Lil Wayne,STUNTIN' LIKE MY DADDY,87,2007
Tamia,ME,88,2007
Chris Brown,WALL TO WALL,89,2007
Sammie,COME WITH ME,90,2007
Angie Stone Featuring Betty Wright,BABY,91,2007
Keyshia Cole Introducing Amina,SHOULDA LET YOU GO,92,2007
"DJ Khaled Featuring T.I., Akon, Rick Ross, Fat Joe, Lil' Wayne & Baby",WE TAKIN' OVER,93,2007
Mary J. Blige,BE WITHOUT YOU,94,2007
Fantasia Featuring Big Boi,HOOD BOY,95,2007
Lyfe Jennings,LET'S STAY TOGETHER,96,2007
Jay-Z Featuring Chrisette Michele,LOST ONE,97,2007
Brian McKnight,USED TO BE MY GIRL,98,2007
Mary J. Blige,WE RIDE ((I SEE THE FUTURE)),99,2007
Alicia Keys,LIKE YOU'LL NEVER SEE ME AGAIN,1,2008
Keyshia Cole,I REMEMBER,2,2008
Mary J. Blige,JUST FINE,3,2008
Keyshia Cole,HEAVEN SENT,4,2008
J. Holiday,SUFFOCATE,5,2008
Lil Wayne Featuring Static Major,LOLLIPOP,6,2008
Jazmine Sullivan,NEED U BAD,7,2008
Alicia Keys,NO ONE,8,2008
Jennifer Hudson,SPOTLIGHT,9,2008
Trey Songz,CAN'T HELP BUT WAIT,10,2008
Jaheim,NEVER,11,2008
Mario,CRYING OUT FOR ME,12,2008
Chris Brown,TAKE YOU DOWN,13,2008
Lil Wayne,A MILLI,14,2008
Usher Featuring Young Jeezy,LOVE IN THIS CLUB,15,2008
Plies Featuring Ne-Yo,BUST IT BABY PART 2,16,2008
T.I.,WHATEVER YOU LIKE,17,2008
The-Dream,I LUV YOUR GIRL,18,2008
Webbie Featuring Lil' Phat & Lil' Boosie,INDEPENDENT,19,2008
Alicia Keys,TEENAGE LOVE AFFAIR,20,2008
Mariah Carey,TOUCH MY BODY,21,2008
Young Jeezy Featuring Kanye West,PUT ON,22,2008
Raheem DeVaughn,WOMAN,23,2008
Snoop Dogg,SENSUAL SEDUCTION,24,2008
The-Dream,FALSETTO,25,2008
T-Pain Featuring Lil Wayne,CAN'T BELIEVE IT,26,2008
Ne-Yo,MISS INDEPENDENT,27,2008
Rihanna,TAKE A BOW,28,2008
Chris Brown,WITH YOU,29,2008
Ray J & Yung Berg,SEXY CAN I,30,2008
Lil Wayne Featuring Bobby Valentino & Kidd Kidd,MRS. OFFICER,31,2008
Trey Songz,LAST TIME,32,2008
Rick Ross Featuring T-Pain,THE BOSS,33,2008
Shawty Lo,DEY KNOW,34,2008
Justin Timberlake Duet With Beyonce,UNTIL THE END OF TIME,35,2008
Marvin Sapp,NEVER WOULD HAVE MADE IT,36,2008
Ashanti,THE WAY THAT I LOVE YOU,37,2008
Kanye West Featuring T-Pain,GOOD LIFE,38,2008
Robin Thicke,MAGIC,39,2008
Flo Rida Featuring T-Pain,LOW,40,2008
Keyshia Cole Introducing Amina,SHOULDA LET YOU GO,41,2008
David Banner Featuring Chris Brown,GET LIKE ME,42,2008
Jordin Sparks Duet With Chris Brown,NO AIR,43,2008
Lil Wayne Featuring T-Pain,GOT MONEY,44,2008
Chris Brown Featuring T-Pain,KISS KISS,45,2008
Usher Featuring Beyonce & Lil Wayne,LOVE IN THIS CLUB PART II,46,2008
Raheem DeVaughn,CUSTOMER,47,2008
Kanye West Featuring Dwele,FLASHING LIGHTS,48,2008
2 Pistols Featuring T-Pain & Tay Dizm,SHE GOT IT,49,2008
Mario,MUSIC FOR LOVE,50,2008
Fat Joe Featuring J. Holiday,I WON'T TELL,51,2008
Rocko,UMMA DO ME,52,2008
"DJ Khaled Featuring T-Pain, Trick Daddy, Rick Ross & Plies",I'M SO HOOD,53,2008
Eric Benet,YOU'RE THE ONLY ONE,54,2008
Playaz Circle Featuring Lil Wayne,DUFFLE BAG BOY,55,2008
Lyfe Jennings,NEVER NEVER LAND,56,2008
Plies Featuring Jamie Foxx & The-Dream,PLEASE EXCUSE MY HANDS,57,2008
Yung Berg Featuring Casha,THE BUSINESS,58,2008
Rick Ross Featuring Nelly & Avery Storm,HERE I AM,59,2008
Slim Featuring Yung Joc,SO FLY,60,2008
Noel Gourdin,THE RIVER,61,2008
T.I. Featuring Rihanna,LIVE YOUR LIFE,62,2008
Birdman Featuring Lil Wayne,POP BOTTLES,63,2008
Lloyd Featuring Lil Wayne,GIRLS AROUND THE WORLD,64,2008
Mary J. Blige,WORK THAT,65,2008
Hot Stylz Featuring Yung Joc,LOOKIN BOY,66,2008
Erykah Badu,HONEY,67,2008
V.I.C.,GET SILLY,68,2008
Musiq Soulchild,TEACHME,69,2008
Alicia Keys,SUPERWOMAN,70,2008
J. Holiday,BED,71,2008
The-Dream,SHAWTY IS A 10,72,2008
Jazmine Sullivan,BUST YOUR WINDOWS,73,2008
Fantasia,WHEN I SEE U,74,2008
Beyonce,SINGLE LADIES (PUT A RING ON IT),75,2008
Ne-Yo,CLOSER,76,2008
Bow Wow & Omarion,GIRLFRIEND,77,2008
Lupe Fiasco Featuring Matthew Santos,SUPERSTAR,78,2008
Pleasure P.,DID YOU WRONG,79,2008
Jay-Z & T.I. Featuring Kanye West & Lil Wayne,SWAGGA LIKE US,80,2008
Angie Stone,SOMETIMES,81,2008
Jaheim Featuring Keyshia Cole,I'VE CHANGED,82,2008
John Legend Featuring Andre 3000,GREEN LIGHT,83,2008
Usher,MOVING MOUNTAINS,84,2008
Keyshia Cole Featuring Missy Elliott & Lil Kim,LET IT GO,85,2008
The Game Featuring Lil Wayne,MY LIFE,86,2008
Cassidy Featuring Swizz Beatz,MY DRINK N' MY 2 STEP,87,2008
Shawty Lo,FOOLISH,88,2008
Rihanna Featuring Ne-Yo,HATE THAT I LOVE YOU,89,2008
Ludacris Co-Starring Chris Brown & Sean Garrett,WHAT THEM GIRLS LIKE,90,2008
Soulja Boy Tell'em Featuring I-15,SOULJA GIRL,91,2008
LL Cool J Featuring The-Dream,BABY,92,2008
Lil Wayne Featuring Jay-Z,MR. CARTER,93,2008
Jay-Z Featuring Pharrell,I KNOW,94,2008
Keri Hilson,ENERGY,95,2008
The Game Featuring Keyshia Cole,GAME'S PAIN,96,2008
Plies Featuring Akon,HYPNOTIZED,97,2008
Jay-Z,ROC BOYS (AND THE WINNER IS)...,98,2008
Missy Elliott,CHING-A-LING,99,2008
Jamie Foxx Featuring T-Pain,BLAME IT,1,2009
Maxwell,PRETTY WINGS,2,2009
Mario Featuring Gucci Mane & Sean Garrett,BREAK UP,3,2009
Drake,BEST I EVER HAD,4,2009
The-Dream,ROCKIN' THAT THANG,5,2009
Beyonce,SINGLE LADIES (PUT A RING ON IT),6,2009
Keri Hilson Featuring Lil Wayne,TURNIN ME ON,7,2009
Ne-Yo Featuring Jamie Foxx & Fabolous,SHE GOT HER OWN,8,2009
Musiq Soulchild,SOBEAUTIFUL,9,2009
Ginuwine,LAST CHANCE,10,2009
Keri Hilson Featuring Kanye West & Ne-Yo,KNOCK YOU DOWN,11,2009
Young Money,EVERY GIRL,12,2009
"Mary Mary Featuring Kierra ""KiKi"" Sheard",GOD IN ME,13,2009
Beyonce,EGO,14,2009
Ne-Yo,MAD,15,2009
Jennifer Hudson,IF THIS ISN'T LOVE,16,2009
T.I. Featuring Rihanna,LIVE YOUR LIFE,17,2009
Drake Featuring Trey Songz & Lil Wayne,SUCCESSFUL,18,2009
K'Jon,ON THE OCEAN,19,2009
Jeremih,BIRTHDAY SEX,20,2009
Keyshia Cole Duet With Monica,TRUST,21,2009
Beyonce,DIVA,22,2009
Ne-Yo,MISS INDEPENDENT,23,2009
Yung L.A. Featuring Young Dro & T.I.,AIN'T I,24,2009
Pleasure P,BOYFRIEND #2,25,2009
Charlie Wilson,THERE GOES MY BABY,26,2009
Trey Songz,I NEED A GIRL,27,2009
Musiq Soulchild Featuring Mary J. Blige,IFULEAVE,28,2009
Jennifer Hudson,SPOTLIGHT,29,2009
T.I. Featuring Justin Timberlake,DEAD AND GONE,30,2009
T-Pain Featuring Ludacris,CHOPPED 'N' SKREWED,31,2009
Usher,TRADING PLACES,32,2009
Jamie Foxx Featuring T.I.,JUST LIKE ME,33,2009
Soulja Boy Tell 'em Featuring Sammie,KISS ME THRU THE PHONE,34,2009
Keyshia Cole,YOU COMPLETE ME,35,2009
Jim Jones & Ron Browz Featuring Juelz Santana,POP CHAMPAGNE,36,2009
Gucci Mane Featuring Plies Or OJ Da Juiceman,WASTED,37,2009
Fabolous Featuring The-Dream,THROW IT IN THE BAG,38,2009
Kanye West,HEARTLESS,39,2009
Anthony Hamilton Featuring David Banner,COOL,40,2009
Usher,HERE I STAND,41,2009
Twista Featuring Erika Shevon,WETTER (CALLING YOU DADDY),42,2009
John Legend Featuring Andre 3000,GREEN LIGHT,43,2009
Chrisette Michele,EPIPHANY (I'M LEAVING),44,2009
Keyshia Cole Featuring 2Pac,PLAYA CARDZ RIGHT,45,2009
"Jay-Z, Rihanna & Kanye West",RUN THIS TOWN,46,2009
Pleasure P,UNDER,47,2009
Dorrough,ICE CREAM PAINT JOB,48,2009
Maxwell,BAD HABITS,49,2009
Soulja Boy Tell'em,TURN MY SWAG ON,50,2009
Birdman Featuring Lil Wayne,ALWAYS STRAPPED,51,2009
Bobby V Featuring Yung Joc,BEEP,52,2009
T.I.,WHATEVER YOU LIKE,53,2009
Lil Wayne Featuring Bobby Valentino & Kidd Kidd,MRS. OFFICER,54,2009
Jazmine Sullivan,BUST YOUR WINDOWS,55,2009
Anthony Hamilton,THE POINT OF IT ALL,56,2009
Avant,WHEN IT HURTS,57,2009
Jazmine Sullivan,NEED U BAD,58,2009
Kid Cudi,DAY 'N' NITE,59,2009
Rick Ross Featuring John Legend,MAGNIFICENT,60,2009
R. Kelly Featuring Keri Hilson,NUMBER ONE,61,2009
Plies Featuring Chris J,PUT IT ON YA,62,2009
Mariah Carey,OBSESSED,63,2009
F.L.Y. (Fast Life Yungstaz),SWAG SURFIN',64,2009
Laura Izibor,FROM MY HEART TO YOURS,65,2009
GS Boyz,STANKY LEGG,66,2009
Ciara Featuring Young Jeezy,NEVER EVER,67,2009
"Drake Featuring Kanye West, Lil Wayne & Eminem",FOREVER,68,2009
T-Pain Featuring Lil Wayne,CAN'T BELIEVE IT,69,2009
Hurricane Chris Featuring SupaSTAAR,HALLE BERRY (SHE'S FINE),70,2009
Jazmine Sullivan,"LIONS, TIGERS & BEARS",71,2009
Robin Thicke,THE SWEETEST LOVE,72,2009
Charlie Wilson,CAN'T LIVE WITHOUT YOU,73,2009
LeToya Featuring Ludacris,REGRET,74,2009
Yo Gotti,5 STAR CHICK,75,2009
Ludacris Co-Starring T-Pain,ONE MORE DRINK,76,2009
Trey Songz Featuring Drake,I INVENTED SEX,77,2009
Keyshia Cole,HEAVEN SENT,78,2009
Beyonce,HALO,79,2009
Jay-Z + Alicia Keys,EMPIRE STATE OF MIND,80,2009
Trey Songz Featuring Gucci Mane & Soulja Boy Tell'em,LOL :-),81,2009
India.Arie Featuring Musiq Soulchild,CHOCOLATE HIGH,82,2009
New Boyz,YOU'RE A JERK,83,2009
Raphael Saadiq Featuring Stevie Wonder & CJ,NEVER GIVE YOU UP,84,2009
LeToya,NOT ANYMORE,85,2009
J. Holiday,IT'S YOURS,86,2009
Whitney Houston,I LOOK TO YOU,87,2009
OJ Da Juiceman Featuring Gucci Mane,MAKE THA TRAP SAY AYE,88,2009
Usher,PAPERS,89,2009
Beyonce,IF I WERE A BOY,90,2009
Chrisette Michele,BLAME IT ON ME,91,2009
Gorilla Zoe,LOST,92,2009
Jeremih,IMMA STAR (EVERYWHERE WE ARE),93,2009
Jay-Z & T.I. Featuring Kanye West & Lil Wayne,SWAGGA LIKE US,94,2009
Alicia Keys,DOESN'T MEAN ANYTHING,95,2009
Plies,PLENTY MONEY,96,2009
Lil Kim Featuring T-Pain & Charlie Wilson,DOWNLOAD,97,2009
DAY26 Featuring P. Diddy & Yung Joc,IMMA PUT IT ON HER,98,2009
Mary J. Blige Featuring Drake,THE ONE,99,2009
Alicia Keys,UN-THINKABLE (I'M READY),1,2010
Usher,THERE GOES MY BABY,2,2010
Melanie Fiona,IT KILLS ME,3,2010
Monica,EVERYTHING TO ME,4,2010
Trey Songz Featuring Fabolous,SAY AAH,5,2010
Trey Songz,NEIGHBORS KNOW MY NAME,6,2010
Usher Featuring Plies,HEY DADDY (DADDY'S HOME),7,2010
Mary J. Blige,I AM,8,2010
Chris Brown Featuring Tyga & Kevin McCall,DEUCES,9,2010
Robin Thicke,SEX THERAPY,10,2010
Monica,LOVE ALL OVER ME,11,2010
Trey Songz Featuring Drake,I INVENTED SEX,12,2010
Ludacris,HOW LOW,13,2010
Timbaland Featuring Drake,SAY SOMETHING,14,2010
Drake,FIND YOUR LOVE,15,2010
Drake,OVER,16,2010
Ludacris Featuring Nicki Minaj,MY CHICK BAD,17,2010
Jaheim,AIN'T LEAVIN WITHOUT YOU,18,2010
Young Jeezy Featuring Plies,LOSE MY MIND,19,2010
Alicia Keys,TRY SLEEPING WITH A BROKEN HEART,20,2010
Young Money Featuring Lloyd,BEDROCK,21,2010
Fantasia,BITTERSWEET,22,2010
Maxwell,FISTFUL OF TEARS,23,2010
Drake Featuring Lil Wayne,MISS ME,24,2010
Rihanna,RUDE BOY,25,2010
Nicki Minaj,YOUR LOVE,26,2010
Ciara Featuring Ludacris,RIDE,27,2010
Jaheim,FINDING MY WAY BACK,28,2010
Usher Featuring will.i.am,OMG,29,2010
B.o.B Featuring Bruno Mars,NOTHIN' ON YOU,30,2010
Trey Songz Featuring Nicki Minaj,BOTTOMS UP,31,2010
Usher Featuring Nicki Minaj,LIL FREAK,32,2010
Maxwell,BAD HABITS,33,2010
Birdman Featuring Lil Wayne & Drake,MONEY TO BLOW,34,2010
Drake Featuring T.I. & Swizz Beatz,FANCY,35,2010
Usher,PAPERS,36,2010
Sade,SOLDIER OF LOVE,37,2010
Jazmine Sullivan,HOLDING YOU DOWN (GOIN IN CIRCLES),38,2010
Ludacris Featuring Trey Songz,SEX ROOM,39,2010
Rick Ross Featuring Styles P,B.M.F. (BLOWIN' MONEY FAST),40,2010
"DJ Khaled Featuring T-Pain, Ludacris, Snoop Dogg & Rick Ross",ALL I DO IS WIN,41,2010
Ne-Yo,CHAMPAGNE LIFE,42,2010
Kem,WHY WOULD YOU STAY?,43,2010
Trey Songz,CAN'T BE FRIENDS,44,2010
Maxwell,PRETTY WINGS,45,2010
Erykah Badu,WINDOW SEAT,46,2010
Dondria,YOU'RE THE ONE,47,2010
Waka Flocka Flame,O LET'S DO IT,48,2010
Jay-Z + Alicia Keys,EMPIRE STATE OF MIND,49,2010
Young Money Featuring Gucci Mane,STEADY MOBBIN',50,2010
Cali Swag District,TEACH ME HOW TO DOUGIE,51,2010
Soulja Boy Tell'em,PRETTY BOY SWAG,52,2010
T.I.,I'M BACK,53,2010
Jay-Z + Swizz Beatz,ON TO THE NEXT ONE,54,2010
T.I. Featuring Keri Hilson,GOT YOUR BACK,55,2010
Waka Flocka Flame Featuring Roscoe Dash & Wale,NO HANDS,56,2010
Snoop Dogg,I WANNA ROCK,57,2010
Usher Featuring Jay-Z,HOT TOTTIE,58,2010
Eminem Featuring Rihanna,LOVE THE WAY YOU LIE,59,2010
Mary Mary Featuring Kierra KiKi Sheard,GOD IN ME,60,2010
Lil Wayne Featuring Drake,RIGHT ABOVE IT,61,2010
Lyfe Jennings,STATISTICS,62,2010
Gucci Mane,LEMONADE,63,2010
50 Cent Featuring Ne-Yo,BABY BY ME,64,2010
Diddy - Dirty Money Featuring T.I.,HELLO GOOD MORNING,65,2010
Rihanna Featuring Jeezy,HARD,66,2010
Roscoe Dash Featuring Soulja Boy Tell'em,ALL THE WAY TURNT UP,67,2010
The Black Eyed Peas,IMMA BE,68,2010
Miguel Featuring J. Cole,ALL I WANT IS YOU,69,2010
Corinne Bailey Rae,CLOSER,70,2010
BeBe & CeCe Winans,CLOSE TO YOU,71,2010
Rick Ross Featuring Drake & Chrisette Michele,ASTON MARTIN MUSIC,72,2010
Gucci Mane Featuring Plies Or OJ Da Juiceman,WASTED,73,2010
Gyptian,HOLD YOU (HOLD YUH),74,2010
Yo Gotti Featuring Lil Wayne,"WOMEN LIE, MEN LIE",75,2010
"Drake Featuring Kanye West, Lil Wayne & Eminem",FOREVER,76,2010
Eric Benet,SOMETIMES I CRY,77,2010
Lloyd Banks Featuring Juelz Santana,"BEAMER, BENZ, OR BENTLEY",78,2010
Charlie Wilson,CAN'T LIVE WITHOUT YOU,79,2010
Mary J. Blige Featuring Trey Songz,WE GOT HOOD LOVE,80,2010
Whitney Houston,MILLION DOLLAR BILL,81,2010
Young Money,ROGER THAT,82,2010
Chris Brown Featuring Lil Wayne & Swizz Beatz,I CAN TRANSFORM YA,83,2010
Willow,WHIP MY HAIR,84,2010
Lloyd,LAY IT DOWN,85,2010
Teairra Mari Featuring Gucci Mane & Soulja Boy Tell'em,SPONSOR,86,2010
Rick Ross Featuring Ne-Yo,SUPER HIGH,87,2010
LeToya Featuring Ludacris,REGRET,88,2010
Jeremih Featuring Ludacris,I LIKE,89,2010
Robin Thicke Featuring Snoop Dogg,IT'S IN THE MORNING,90,2010
Kanye West,POWER,91,2010
Gucci Mane Featuring Usher,SPOTLIGHT,92,2010
Omarion,SPEEDIN',93,2010
Waka Flocka Flame,HARD IN DA PAINT,94,2010
Gerald Levert,CAN IT STAY,95,2010
Donell Jones,LOVE LIKE THIS,96,2010
Lil Wayne,I'M SINGLE,97,2010
Dwele,WHAT'S NOT TO LOVE,98,2010
Gucci Mane Featuring Trey Songz,BEAT IT UP,99,2010
Miguel,SURE THING,1,2011
Kelly Rowland Featuring Lil Wayne,MOTIVATION,2,2011
Chris Brown Featuring Lil Wayne & Busta Rhymes,LOOK AT ME NOW,3,2011
"""DJ Khaled Featuring Drake, Rick Ross & Lil Wayne""",I'M ON ONE,4,2011
Marsha Ambrosius,FAR AWAY,5,2011
Waka Flocka Flame Featuring Roscoe Dash & Wale,NO HANDS,6,2011
Big Sean Featuring Chris Brown,MY LAST,7,2011
Trey Songz,CAN'T BE FRIENDS,8,2011
Nicki Minaj Featuring Drake,MOMENT 4 LIFE,9,2011
Chris Brown,SHE AIN'T YOU,10,2011
Rick Ross Featuring Drake & Chrisette Michele,ASTON MARTIN MUSIC,11,2011
Kanye West,ALL OF THE LIGHTS,12,2011
Lil Wayne Featuring Cory Gunz,6 FOOT 7 FOOT,13,2011
Trey Songz,LOVE FACES,14,2011
Lil Wayne,HOW TO LOVE,15,2011
Jamie Foxx Featuring Drake,FALL FOR YOUR TYPE,16,2011
Chris Brown,NO BS,17,2011
Rihanna Featuring Drake,WHAT'S MY NAME?,18,2011
Keri Hilson,PRETTY GIRL ROCK,19,2011
Jeremih Featuring 50 Cent,DOWN ON ME,20,2011
Kirk Franklin,I SMILE,21,2011
Twista Featuring Chris Brown,MAKE A MOVIE,22,2011
Jill Scott Featuring Anthony Hamilton,SO IN LOVE,23,2011
R. Kelly,LOVE LETTER,24,2011
Beyonce,BEST THING I NEVER HAD,25,2011
Miguel,QUICKIE,26,2011
Big Sean Featuring Kanye West & Roscoe Dash,MARVIN & CHARDONNAY,27,2011
Nicki Minaj,DID IT ON'EM,28,2011
Charlie Wilson,YOU ARE,29,2011
Ace Hood,HUSTLE HARD,30,2011
Trey Songz Featuring Drake,UNUSUAL,31,2011
Jay Z Kanye West Featuring Otis Redding,OTIS,32,2011
Drake,HEADLINES,33,2011
Lil Wayne Featuring Drake,SHE WILL,34,2011
Wale Featuring Jeremih & Rick Ross,THAT WAY,35,2011
Mary Mary,WALKING,36,2011
Fabolous,YOU BE KILLIN EM,37,2011
Lloyd,LAY IT DOWN,38,2011
Lupe Fiasco Featuring Trey Songz,OUT OF MY HEAD,39,2011
Drake,MARVINS ROOM,40,2011
Wiz Khalifa,BLACK AND YELLOW,41,2011
Nicki Minaj,SUPER BASS,42,2011
YC Featuring Future,RACKS,43,2011
Chris Brown Featuring Tyga & Kevin McCall,DEUCES,44,2011
Fantasia,I'M DOING ME,45,2011
Jay Z Kanye West,NI**AS IN PARIS,46,2011
Rihanna,MAN DOWN,47,2011
Wiz Khalifa,ROLL UP,48,2011
Chris Brown Featuring Ludacris,WET THE BED,49,2011
Kem,SHARE MY LIFE,50,2011
Nicki Minaj,RIGHT THRU ME,51,2011
Travis Porter,BRING IT BACK,52,2011
Kelly Price Featuring Stokley,NOT MY DADDY,53,2011
Jennifer Hudson,WHERE YOU AT,54,2011
Anthony David Featuring Algebra,4EVERMORE,55,2011
Kem Featuring Chrisette Michele,IF IT'S LOVE,56,2011
El Debarge Featuring Faith Evans,LAY WITH YOU,57,2011
Ledisi,PIECES OF ME,58,2011
Waka Flocka Flame Featuring Kebo Gotti,GROVE ST. PARTY,59,2011
Beyonce Featuring Andre 3000,PARTY,60,2011
Ne-Yo,ONE IN A MILLION,61,2011
Mindless Behavior Featuring Diggy,MRS. RIGHT,62,2011
Ace Hood Featuring Chris Brown,BODY 2 BODY,63,2011
Lil Wayne Featuring Rick Ross,JOHN,64,2011
Jamie Foxx Featuring Wiz Khalifa,BEST NIGHT OF MY LIFE,65,2011
Lloyd Featuring Awesome Jones,CUPID,66,2011
Jazmine Sullivan,10 SECONDS,67,2011
Usher,THERE GOES MY BABY,68,2011
Charlie Wilson,LIFE OF THE PARTY,69,2011
Lil Wayne Featuring Drake,RIGHT ABOVE IT,70,2011
Musiq Soulchild,YES,71,2011
Travis Porter,MAKE IT RAIN,72,2011
Trey Songz Featuring Nicki Minaj,BOTTOMS UP,73,2011
Jennifer Hudson,NO ONE GONNA LOVE YOU,74,2011
R. Kelly,WHEN A WOMAN LOVES,75,2011
Willow,WHIP MY HAIR,76,2011
Miguel Featuring J. Cole,ALL I WANT IS YOU,77,2011
"""DJ Drama Featuring Fabolous, Roscoe Dash & Wiz Khalifa""",OH MY,78,2011
Cee Lo Green Featuring Melanie Fiona or Phillip Bailey,FOOL FOR YOU,79,2011
Young Jeezy Featuring Lil Wayne,BALLIN',80,2011
R. Kelly,RADIO MESSAGE,81,2011
Meek Mill Featuring Rick Ross,IMA BOSS,82,2011
Bobby V,WORDS,83,2011
Frank Ocean,NOVACANE,84,2011
J. Cole,WORK OUT,85,2011
Keyshia Cole,TAKE ME AWAY,86,2011
Keri Hilson Featuring Chris Brown,ONE NIGHT STAND,87,2011
Wiz Khalifa Featuring Too $hort,ON MY LEVEL,88,2011
Eric Benet,SOMETIMES I CRY,89,2011
Diddy - Dirty Money Featuring Trey Songz,YOUR LOVE,90,2011
Tank,EMERGENCY,91,2011
Monica,LOVE ALL OVER ME,92,2011
Lloyd Banks Featuring Jeremih,I DON'T DESERVE YOU,93,2011
"""DJ Khaled Featuring Rick Ross, Plies, Lil Wayne & T-Pain""",WELCOME TO MY HOOD,94,2011
Musiq Soulchild Featuring Swizz Beats,ANYTHING,95,2011
Kanye West Jay Z,H*A*M,96,2011
Birdman Featuring Lil Wayne,FIRE FLAME,97,2011
Diddy - Dirty Money Featuring Drake,LOVING YOU NO MORE,98,2011
Mary J. Blige Featuring Diddy & Lil Wayne,SOMEONE TO LOVE ME (NAKED),99,2011
Beyonce,LOVE ON TOP,1,2012
Usher,CLIMAX,2,2012
Wale Featuring Miguel,LOTUS FLOWER BOMB,3,2012
Drake Featuring Lil Wayne,THE MOTTO,4,2012
"""Kanye West, Big Sean, Pusha T, 2 Chainz""",MERCY,5,2012
Miguel,ADORN,6,2012
Trey Songz,HEART ATTACK,7,2012
2 Chainz Featuring Drake,NO LIE,8,2012
Chris Brown Featuring Kevin K-MAC McCall,STRIP,9,2012
Drake Featuring Nicki Minaj,MAKE ME PROUD,10,2012
Jay Z Kanye West,NI**AS IN PARIS,11,2012
J. Cole Featuring Missy Elliott,NOBODY'S PERFECT,12,2012
Kirko Bangz,DRANK IN MY CUP,13,2012
Usher Featuring Rick Ross,LEMME SEE,14,2012
Rihanna Featuring Chris Brown,BIRTHDAY CAKE,15,2012
Ca$h Out,CASHIN' OUT,16,2012
Beyonce Featuring Andre 3000,PARTY,17,2012
LoveRance Featuring IamSu & Skipper or 50 Cent,UP!,18,2012
Fat Joe Featuring Chris Brown,ANOTHER ROUND,19,2012
Big Sean Featuring Nicki Minaj,DANCE (A$$),20,2012
Young Jeezy Featuring Ne-Yo,LEAVE YOU ALONE,21,2012
Tyrese,STAY,22,2012
"""Wale Featuring Rick Ross, Meek Mill & T-Pain""",BAG OF MONEY,23,2012
Estelle,THANK YOU,24,2012
J. Cole Featuring Trey Songz,CAN'T GET ENOUGH,25,2012
Mary J. Blige Featuring Drake,MR. WRONG,26,2012
John Legend Featuring Ludacris,TONIGHT (BEST YOU EVER HAD),27,2012
Young Jeezy Featuring Jay-Z & Andre 3000,I DO,28,2012
"""DJ Khaled Featuring Chris Brown, Rick Ross, Nicki Minaj & Lil Wayne""",TAKE IT TO THE HEAD,29,2012
"""French Montana Featuring Rick Ross, Drake, Lil Wayne""",POP THAT,30,2012
Tyga,RACK CITY,31,2012
Drake Featuring The Weeknd,CREW LOVE,32,2012
Beyonce,DANCE FOR YOU,33,2012
Brandy Featuring Chris Brown,PUT IT DOWN,34,2012
Melanie Fiona,4:00 AM,35,2012
Future,TURN ON THE LIGHTS,36,2012
Rick Ross Featuring Nicki Minaj,YOU THE BOSS,37,2012
Travis Porter Featuring Tyga,AYY LADIES,38,2012
Wale Featuring Jeremih & Rick Ross,THAT WAY,39,2012
Trey Songz,SEX AIN'T BETTER THAN LOVE,40,2012
Meek Mill Featuring Drake,AMEN,41,2012
Anthony Hamilton,PRAY FOR ME,42,2012
Robin Thicke,LOVE AFTER WAR,43,2012
Trey Songz,DIVE IN,44,2012
Nicki Minaj Featuring 2 Chainz,BEEZ IN THE TRAP,45,2012
Frank Ocean,THINKIN BOUT YOU,46,2012
Elle Varner,REFILL,47,2012
Juicy J Featuring Lil Wayne & 2 Chainz,BANDZ A MAKE HER DANCE,48,2012
Lil Wayne Featuring Drake,SHE WILL,49,2012
Keyshia Cole Featuring Lil Wayne,ENOUGH OF NO LOVE,50,2012
Cee Lo Green Featuring Melanie Fiona or Phillip Bailey,FOOL FOR YOU,51,2012
Drake,HEADLINES,52,2012
Trey Songz Featuring T.I.,2 REASONS,53,2012
Diggy Featuring Jeremih,DO IT LIKE YOU,54,2012
Drake Featuring Rihanna,TAKE CARE,55,2012
Waka Flocka Flame Featuring Drake,ROUND OF APPLAUSE,56,2012
Future Featuring T.I.,MAGIC,57,2012
2 Chainz Featuring Kanye West,BIRTHDAY SONG,58,2012
"""Kanye West, Jay-Z, Big Sean""",CLIQUE,59,2012
Jay Z Kanye West,GOTTA HAVE IT,60,2012
R. Kelly,SHARE MY LOVE,61,2012
Beyonce,COUNTDOWN,62,2012
Future,SAME DAMN TIME,63,2012
J. Cole,WORK OUT,64,2012
Wiz Khalifa,"""WORK HARD, PLAY HARD""",65,2012
R. Kelly,FEELIN' SINGLE,66,2012
Jill Scott,BLESSED,67,2012
Anthony Hamilton,WOO,68,2012
Kem,YOU'RE ON MY MIND,69,2012
Anita Baker,LATELY,70,2012
T-Pain Featuring Wiz Khalifa & Lily Allen,5 O'CLOCK,71,2012
Rick Ross Featuring Usher,TOUCH'N YOU,72,2012
Rihanna Featuring Jay-Z,TALK THAT TALK,73,2012
Mary Mary,GO GET IT,74,2012
Tamia,BEAUTIFUL SURPRISE,75,2012
Eric Benet,REAL LOVE,76,2012
Nicki Minaj Featuring Chris Brown,RIGHT BY MY SIDE,77,2012
Ledisi Featuring Jaheim,STAY TOGETHER,78,2012
Alicia Keys Featuring Nicki Minaj,GIRL ON FIRE,79,2012
Chris Brown,SWEET LOVE,80,2012
Robin Thicke,ALL TIED UP,81,2012
Ace Hood Featuring Chris Brown,BODY 2 BODY,82,2012
Drake Featuring Lil Wayne,HYFR (HELL YEAH F*****G RIGHT),83,2012
Wale Featuring Lloyd,SABOTAGE,84,2012
Chris Brown Featuring Big Sean & Wiz Khalifa,TILL I DIE,85,2012
Tyga Featuring Lil Wayne,FADED,86,2012
Chris Brown Featuring Ludacris,WET THE BED,87,2012
Miguel,SURE THING,88,2012
Monica,UNTIL IT'S GONE,89,2012
Kendrick Lamar,SWIMMING POOLS (DRANK),90,2012
Rick Ross Featuring Wale & Drake,DICED PINEAPPLES,91,2012
Kelly Rowland Featuring Lil Wayne,ICE,92,2012
Tank,NEXT BREATH,93,2012
Big Sean Featuring Kanye West & Roscoe Dash,MARVIN & CHARDONNAY,94,2012
Omarion Featuring Rick Ross,LET'S TALK,95,2012
Chief Keef Featuring Lil Reese,I DON'T LIKE,96,2012
Ne-Yo,LAZY LOVE,97,2012
Lil Wayne Featuring Big Sean,MY HOMIES STILL,98,2012
Jill Scott Featuring Paul Wall,SO GONE (WHAT MY MIND SAYS),99,2012
Macklemore & Ryan Lewis Featuring Wanz,THRIFT SHOP,1,2013
Robin Thicke Featuring T.I. + Pharrell,BLURRED LINES,2,2013
Macklemore & Ryan Lewis Featuring Ray Dalton,CAN'T HOLD US,3,2013
Justin Timberlake Featuring JAY Z,SUIT & TIE,4,2013
Jay Z Featuring Justin Timberlake,HOLY GRAIL,5,2013
Rihanna,DIAMONDS,6,2013
Drake,STARTED FROM THE BOTTOM,7,2013
"A$AP Rocky Featuring Drake, 2 Chainz & Kendrick Lamar",F**KIN PROBLEMS,8,2013
Drake Featuring Majid Jordan,"HOLD ON, WE'RE GOING HOME",9,2013
Lil Wayne Featuring Drake & Future,LOVE ME,10,2013
J. Cole Featuring Miguel,POWER TRIP,11,2013
Alicia Keys Featuring Nicki Minaj,GIRL ON FIRE,12,2013
Macklemore & Ryan Lewis Featuring Mary Lambert,SAME LOVE,13,2013
Wale Featuring Tiara Thomas Or Rihanna,BAD,14,2013
Miguel,ADORN,15,2013
Rihanna,POUR IT UP,16,2013
Kendrick Lamar,SWIMMING POOLS (DRANK),17,2013
Eminem,BERZERK,18,2013
Ciara,BODY PARTY,19,2013
Kendrick Lamar,"BITCH, DON'T KILL MY VIBE",20,2013
Rocko Featuring Future & Rick Ross,U.O.E.N.O.,21,2013
Mariah Carey Featuring Miguel,#BEAUTIFUL,22,2013
Kendrick Lamar Featuring Drake,POETIC JUSTICE,23,2013
Emeli Sande,NEXT TO ME,24,2013
J. Cole Featuring TLC,CROOKED SMILE,25,2013
Ace Hood Featuring Future & Rick Ross,BUGATTI,26,2013
2 Chainz,I'M DIFFERENT,27,2013
Lil Wayne Featuring 2 Chainz,RICH AS F**K,28,2013
"Kanye West, Jay-Z, Big Sean",CLIQUE,29,2013
Sage The Gemini Featuring IamSu!,GAS PEDAL,30,2013
Chris Brown Featuring Nicki Minaj,LOVE MORE,31,2013
"Mike WiLL Made-It Featuring Miley Cyrus, Wiz Khalifa & Juicy J",23,32,2013
Chris Brown,FINE CHINA,33,2013
Trinidad James,ALL GOLD EVERYTHING,34,2013
"DJ Khaled Featuring Drake, Rick Ross & Lil Wayne",NO NEW FRIENDS (SFTB REMIX),35,2013
Lil Wayne Featuring Detail,NO WORRIES,36,2013
Frank Ocean,THINKIN BOUT YOU,37,2013
Juicy J Featuring Lil Wayne & 2 Chainz,BANDZ A MAKE HER DANCE,38,2013
B.o.B Featuring T.I. & Juicy J,WE STILL IN THIS B****,39,2013
Big Sean Featuring Lil Wayne & Jhene Aiko,BEWARE,40,2013
"Rich Gang Featuring Lil Wayne, Birdman, Future, Mack Maine, Nicki Minaj",TAPOUT,41,2013
Eminem Featuring Rihanna,THE MONSTER,42,2013
Rich Homie Quan,TYPE OF WAY,43,2013
Justin Timberlake,TAKE BACK THE NIGHT,44,2013
Robin Thicke Featuring Kendrick Lamar,GIVE IT 2 U,45,2013
Sage The Gemini,RED NOSE,46,2013
The Weeknd,WICKED GAMES,47,2013
Rihanna Featuring Future,LOVEEEEEEE SONG,48,2013
Jay Z,TOM FORD,49,2013
Sean Kingston Featuring Chris Brown & Wiz Khalifa,BEAT IT,50,2013
Future,NEVA END,51,2013
Young Jeezy Featuring 2 Chainz,R.I.P.,52,2013
Tamar Braxton,LOVE AND WAR,53,2013
Lupe Fiasco & Guy Sebastian,BATTLE SCARS,54,2013
B.o.B Featuring 2 Chainz,HEADBAND,55,2013
Miguel,HOW MANY DRINKS?,56,2013
T.I. Featuring Lil Wayne,BALL,57,2013
The FiNATTiCZ,DON'T DROP THAT THUN THUN!,58,2013
French Montana,AIN'T WORRIED ABOUT NOTHIN,59,2013
August Alsina Featuring Trinidad James,I LUV THIS SH*T,60,2013
2 Chainz Featuring Pharrell,FEDS WATCHING,61,2013
Nicki Minaj Featuring Lil Wayne,HIGH SCHOOL,62,2013
YG Featuring Jeezy & Rich Homie Quan,MY HITTA,63,2013
Chief Keef,LOVE SOSA,64,2013
Eminem,RAP GOD,65,2013
2 Chainz & Wiz Khalifa,WE OWN IT (FAST & FURIOUS),66,2013
Kelly Rowland,KISSES DOWN LOW,67,2013
Jonn Hart Featuring IamSU!,WHO BOOTY,68,2013
Chris Brown,DON'T JUDGE ME,69,2013
A$AP Rocky Featuring Skrillex,WILD FOR THE NIGHT,70,2013
Drake Featuring 2 Chainz & Big Sean,ALL ME,71,2013
Future Featuring Lil Wayne,KARATE CHOP (REMIX),72,2013
Jay Z Featuring Rick Ross,F*CKWITHMEYOUKNOWIGOTIT,73,2013
Justin Timberlake,TKO,74,2013
"French Montana Featuring Rick Ross, Drake, Lil Wayne",POP THAT,75,2013
"Tyga Featuring Cedric Gervais, Wiz Khalifa & Mally Mall",MOLLY,76,2013
Juicy J Featuring Wale & Trey Songz,BOUNCE IT,77,2013
Big Sean,GUAP,78,2013
Wiz Khalifa Featuring The Weeknd,REMEMBER YOU,79,2013
Eminem,SURVIVAL,80,2013
Macklemore & Ryan Lewis Featuring ScHoolboy Q & Hollis,WHITE WALLS,81,2013
Future,HONEST,82,2013
Fantasia Featuring Kelly Rowland & Missy Elliott,WITHOUT ME,83,2013
Fabolous Featuring Chris Brown,READY,84,2013
Tyga Featuring Rick Ross,DOPE,85,2013
"Hustle Gang Featuring T.I., B.o.B, Kendrick Lamar & Kris Stephens",MEMORIES BACK THEN,86,2013
2 Chainz Featuring Kanye West,BIRTHDAY SONG,87,2013
Tamar Braxton,THE ONE,88,2013
Juicy J Featuring Big Sean & Young Jeezy,SHOW OUT,89,2013
Sevyn Streeter Featuring Chris Brown,IT WON'T STOP,90,2013
"Major Lazer Featuring Bruno Mars, Tyga & Mystic",BUBBLE BUTT,91,2013
"Kanye West, Big Sean, Pusha T, 2 Chainz",MERCY,92,2013
K. Michelle,V.S.O.P.,93,2013
2 Chainz Featuring Drake,NO LIE,94,2013
French Montana Featuring Nicki Minaj,FREAKS,95,2013
A$AP Ferg,WORK,96,2013
Wale Featuring Sam Dew,LOVEHATE THING,97,2013
Ciara Featuring Nicki Minaj,I'M OUT,98,2013
Migos,VERSACE,99,2013
Pharrell Williams,HAPPY,1,2014
John Legend,ALL OF ME,2,2014
Iggy Azalea Featuring Charli XCX,FANCY,3,2014
Jason Derulo Featuring 2 Chainz,TALK DIRTY,4,2014
Eminem Featuring Rihanna,THE MONSTER,5,2014
Iggy Azalea Featuring Rita Ora,BLACK WIDOW,6,2014
Beyonce Featuring Jay Z,DRUNK IN LOVE,7,2014
Jason Derulo Featuring Snoop Dogg,WIGGLE,8,2014
Nicki Minaj,ANACONDA,9,2014
Chris Brown Featuring Lil Wayne & French Montana Or Too $hort Or Tyga,LOYAL,10,2014
Jeremih Featuring YG,DON'T TELL 'EM,11,2014
Kid Ink Featuring Chris Brown,SHOW ME,12,2014
Aloe Blacc,THE MAN,13,2014
Bobby Shmurda,HOT BOY,14,2014
Tinashe Featuring ScHoolboy Q,2 ON,15,2014
Trey Songz,NA NA,16,2014
YG Featuring Jeezy & Rich Homie Quan,MY HITTA,17,2014
Drake Featuring Majid Jordan,"HOLD ON, WE'RE GOING HOME",18,2014
Rich Gang Featuring Young Thug & Rich Homie Quan,LIFESTYLE,19,2014
Chris Brown Featuring Usher & Rick Ross,NEW FLAME,20,2014
Beyonce,PARTITION,21,2014
Michael Jackson & Justin Timberlake,LOVE NEVER FELT SO GOOD,22,2014
T.I. Featuring Iggy Azalea,NO MEDIOCRE,23,2014
ScHoolboy Q Featuring BJ The Chicago Kid,STUDIO,24,2014
"Mike WiLL Made-It Featuring Miley Cyrus, Wiz Khalifa & Juicy J",23,25,2014
Macklemore & Ryan Lewis Featuring ScHoolboy Q & Hollis,WHITE WALLS,26,2014
Lil Wayne Featuring Drake,BELIEVE ME,27,2014
Ty Dolla $ign Featuring B.o.B,PARANOID,28,2014
Drake,0 TO 100 / THE CATCH UP,29,2014
Nicki Minaj,PILLS N POTIONS,30,2014
Jhene Aiko,THE WORST,31,2014
Wiz Khalifa,WE DEM BOYZ,32,2014
Ty Dolla $ign Featuring Wiz Khalifa & DJ Mustard,OR NAH,33,2014
Eminem,RAP GOD,34,2014
Rae Sremmurd,NO FLEX ZONE,35,2014
Robin Thicke Featuring T.I. + Pharrell,BLURRED LINES,36,2014
Young Money Featuring Drake,TROPHIES,37,2014
YG Featuring Drake,WHO DO YOU LOVE?,38,2014
Drake Featuring 2 Chainz & Big Sean,ALL ME,39,2014
T.I. Featuring Young Thug,ABOUT THE MONEY,40,2014
Sevyn Streeter Featuring Chris Brown,IT WON'T STOP,41,2014
"Future Featuring Pharrell, Pusha T & Casino",MOVE THAT DOH,42,2014
Kid Ink Featuring Chris Brown,MAIN CHICK,43,2014
KCamp Featuring 2 Chainz,CUT HER OFF,44,2014
Iggy Azalea,WORK,45,2014
T-Pain Featuring B.o.B,UP DOWN (DO THIS ALL DAY),46,2014
Pharrell Williams,COME GET IT BAE,47,2014
Young Thug,STONER,48,2014
Usher,GOOD KISSER,49,2014
Childish Gambino,V. 3005,50,2014
Trey Songz Featuring Nicki Minaj,"TOUCHIN, LOVIN",51,2014
Big Sean Featuring E-40,I DON'T F**K WITH YOU,52,2014
Rae Sremmurd,NO TYPE,53,2014
I LOVE MAKONNEN Featuring Drake,TUESDAY,54,2014
ScHoolboy Q,MAN OF THE YEAR,55,2014
"DJ Khaled Featuring Chris Brown, August Alsina, Future & Jeremih",HOLD YOU DOWN,56,2014
Chris Brown Featuring Nicki Minaj,LOVE MORE,57,2014
Jay Z Featuring Justin Timberlake,HOLY GRAIL,58,2014
Migos,FIGHT NIGHT,59,2014
Beyonce,XO,60,2014
Drake,THE LANGUAGE,61,2014
SoMo,RIDE,62,2014
Jay Z Featuring Beyonce,PART II (ON THE RUN),63,2014
Sage The Gemini Featuring IamSu!,GAS PEDAL,64,2014
Kendrick Lamar,I,65,2014
Tyga Featuring Young Thug,HOOKAH,66,2014
Eminem Featuring Nate Ruess,HEADLIGHTS,67,2014
Trey Songz,FOREIGN,68,2014
Beyonce Featuring Nicki Minaj Or Chimamanda Ngozi Adichie,***FLAWLESS,69,2014
Ca$h Out,SHE TWERKIN,70,2014
Kanye West,BOUND 2,71,2014
TeeFLii Featuring 2 Chainz,24 HOURS,72,2014
Rico Love,THEY DON'T KNOW,73,2014
Justin Timberlake,TKO,74,2014
Migos,HANDSOME AND WEALTHY,75,2014
Future Featuring Kanye West,I WON,76,2014
Rich Homie Quan Featuring Problem,WALK THRU,77,2014
John Legend,YOU & I (NOBODY IN THE WORLD),78,2014
August Alsina Featuring Trinidad James,I LUV THIS SH*T,79,2014
Wiz Khalifa Featuring Snoop Dogg & Ty Dolla $ign,YOU AND YOUR FRIENDS,80,2014
K. Michelle,CAN'T RAISE A MAN,81,2014
Eminem,BERZERK,82,2014
Adrian Marcel Featuring Sage The Gemini,2AM.,83,2014
Eminem,SURVIVAL,84,2014
Justin Bieber Featuring Chance The Rapper,CONFIDENT,85,2014
"will.i.am Featuring Miley Cyrus, French Montana, Wiz Khalifa & DJ Mustard",FEELIN' MYSELF,86,2014
Jeezy Featuring Jay Z,SEEN IT ALL,87,2014
G-Eazy Featuring Remo,I MEAN IT,88,2014
KCamp Featuring Kwony Ca$h,MONEY BABY,89,2014
Snootie Wild Featuring Yo Gotti,YAYO,90,2014
August Alsina,NO LOVE,91,2014
Drake,WORST BEHAVIOR,92,2014
Jay Z,TOM FORD,93,2014
Yo Gotti Featuring Rich Homie Quan,I KNOW,94,2014
B.o.B Featuring 2 Chainz,HEADBAND,95,2014
Eminem Featuring Sia,GUTS OVER FEAR,96,2014
The Weeknd,OFTEN,97,2014
J. Cole Featuring Amber Coffman & The Cults,SHE KNOWS,98,2014
B.o.B Featuring Priscilla,JOHN DOE,99,2014
Wiz Khalifa Featuring Charlie Puth,SEE YOU AGAIN,1,2015
Fetty Wap,TRAP QUEEN,2,2015
Silento,WATCH ME,3,2015
The Weeknd,THE HILLS,4,2015
The Weeknd,CAN'T FEEL MY FACE,5,2015
The Weeknd,EARNED IT (FIFTY SHADES OF GREY),6,2015
Fetty Wap Featuring Remy Boyz,679,7,2015
Drake,HOTLINE BLING,8,2015
Omarion Featuring Chris Brown & Jhene Aiko,POST TO BE,9,2015
Flo Rida Featuring Sage The Gemini & Lookas,G.D.F.R.,10,2015
Rihanna & Kanye West & Paul McCartney,FOURFIVESECONDS,11,2015
Natalie La Rose Featuring Jeremih,SOMEBODY,12,2015
Fetty Wap Featuring Monty,MY WAY,13,2015
Rihanna,B**** BETTER HAVE MY MONEY,14,2015
T-Wayne,NASTY FREESTYLE,15,2015
"Nicki Minaj Featuring Drake, Lil Wayne & Chris Brown",ONLY,16,2015
Usher Featuring Juicy J,I DON'T MIND,17,2015
Big Sean Featuring E-40,I DON'T F**K WITH YOU,18,2015
Beyonce,11-Jul,19,2015
Rich Homie Quan,FLEX (OOH OOH OOH),20,2015
Nicki Minaj Featuring Drake & Lil Wayne,TRUFFLE BUTTER,21,2015
Jidenna Featuring Roman GianArthur,CLASSIC MAN,22,2015
Meek Mill Featuring Chris Brown & Nicki Minaj,ALL EYES ON YOU,23,2015
Big Sean Featuring Drake,BLESSINGS,24,2015
Rae Sremmurd,NO TYPE,25,2015
Drake Featuring WizKid & Kyla,ONE DANCE,1,2016
Desiigner,PANDA,2,2016
Rihanna Featuring Drake,WORK,3,2016
Rihanna,NEEDED ME,4,2016
G-Eazy x Bebe Rexha,"ME, MYSELF & I",5,2016
Drake,HOTLINE BLING,6,2016
Drake Featuring Rihanna,TOO GOOD,7,2016
D.R.A.M. Featuring Lil Yachty,BROCCOLI,8,2016
Alessia Cara,HERE,9,2016
The Weeknd,THE HILLS,10,2016
Drake,CONTROLLA,11,2016
Drake & Future,JUMPMAN,12,2016
Kent Jones,DON'T MIND,13,2016
Bryson Tiller,DON'T,14,2016
Future Featuring The Weeknd,LOW LIFE,15,2016
DJ Khaled Featuring Drake,FOR FREE,16,2016
The Weeknd Featuring Daft Punk,STARBOY,17,2016
Kevin Gates,2 PHONES,18,2016
Jeremih,OUI,19,2016
The Weeknd,IN THE NIGHT,20,2016
Yo Gotti Featuring Nicki Minaj,DOWN IN THE DM,21,2016
Tory Lanez,LUV,22,2016
Beyonce,SORRY,23,2016
Tory Lanez,SAY IT,24,2016
"Lil Wayne, Wi",SUCKER FOR PAIN,25,2016
Bryson Tiller,EXCHANGE,26,2016
Travis Scott,ANTIDOTE,27,2016
Drake Featuring The Throne,POP STYLE,28,2016
Fetty Wap Featuring Remy Boyz,679,29,2016
"Fat Joe, Rem",ALL THE WAY UP,30,2016
Post Malone,WHITE IVERSON,31,2016
O.T. Genasis Featuring Young Dolph,CUT IT,32,2016
Chris Brown,BACK TO SLEEP,33,2016
Usher Featuring Young Thug,NO LIMIT,34,2016
Future,WICKED,35,2016
Desiigner,TIIMMY TURNER,36,2016
Rae Sremmurd Featuring Gucci Mane,BLACK BEATLES,37,2016
Kevin Gates,REALLY REALLY,38,2016
Kanye West,FATHER STRETCH MY HANDS PT. 1,39,2016
Drake,SUMMER SIXTEEN,40,2016
Chance The Rapper Featuring Lil Wayne & 2 Chainz,NO PROBLEM,41,2016
DJ Khaled Featuring Jay Z & Future,I GOT THE KEYS,42,2016
Lil Uzi Vert,MONEY LONGER,43,2016
MadeinTYO,UBER EVERYWHERE,44,2016
ScHoolboy Q Featuring Kanye West,THAT PART,45,2016
Young Thug,BEST FRIEND,46,2016
The Weeknd,CAN'T FEEL MY FACE,47,2016
Beyonce,HOLD UP,48,2016
PARTYNEXTDOOR Featuring Drake,COME AND SEE ME,49,2016
Zay Hilfigerrr & Zayion McCall,JUJU ON THAT BEAT (TZ ANTHEM),50,2016
Rob $tone Featuring J. Davi$ & Spooks,CHILL BILL,51,2016
Young Thug And Travis Scott Featuring Quavo,PICK UP THE PHONE,52,2016
Young M.A,OOOUUU,53,2016
Wale,MY PYT,54,2016
Lil Yachty,1 NIGHT,55,2016
Fetty Wap,AGAIN,56,2016
Drake,CHILDS PLAY,57,2016
Beyonce,FORMATION,58,2016
Fetty Wap,WAKE UP,59,2016
Amine,CAROLINE,60,2016
Kanye West,FAMOUS,61,2016
Lil Uzi Vert,YOU WAS RIGHT,62,2016
Dreezy Featuring Jeremih,BODY,63,2016
Drake,STILL HERE,64,2016
DLOW,DO IT LIKE ME,65,2016
Kid Ink Featuring Fetty Wap,PROMISE,66,2016
iLoveMemphis,HIT THE QUAN,67,2016
Dae Dae,"WAT U MEAN (AYE, AYE, AYE)",68,2016
Belly Featuring The Weeknd,MIGHT NOT,69,2016
YG Featuring Drake & Kamaiyah,WHY YOU ALWAYS HATIN?,70,2016
Drake,HYPE,71,2016
DJ Khaled,DO YOU MIND,72,2016
Rihanna,KISS IT BETTER,73,2016
Drake & Future,BIG RINGS,74,2016
Ghost Town DJ's,MY BOO,75,2016
Future Featuring Drake,WHERE YA AT,76,2016
French Montana Featuring Kodak Black,LOCKJAW,77,2016
Missy Elliott Featuring Pharrell Williams,WTF (WHERE THEY FROM),78,2016
21 Savage & Metro Boomin Featuring Future,X,79,2016
Bryson Tiller,SORRY NOT SORRY,80,2016
The Weeknd,ACQUAINTED,81,2016
French Montana Featuring Drake,NO SHOPPING,82,2016
2 Chainz,WATCH OUT,83,2016
Kehlani,GANGSTA,84,2016
Rihanna,SEX WITH ME,85,2016
DJ Dr,WISHING,86,2016
DeJ Loaf Featuring Big Sean,BACK UP,87,2016
Rae Sremmurd,LOOK ALIVE,88,2016
Drake Featuring Future,GRAMMYS,89,2016
Yo Gotti Featuring E-40,LAW,90,2016
DJ ESCO Featuring Future & Lil Uzi Vert,TOO MUCH SAUCE,91,2016
Nelly Featuring Jeremih,THE FIX,92,2016
YFN Lucci Featuring Migos & Trouble,KEY TO THE STREETS,93,2016
Chris Brown,GRASS AIN'T GREENER,94,2016
Kanye West,FADE,95,2016
A$AP Ferg Featuring Future,NEW LEVEL,96,2016
Young Greatness,MOOLAH,97,2016
Drake Featuring PARTYNEXTDOOR,WITH YOU,98,2016
Future,STICK TALK,99,2016
DJ Luke Nasty,MIGHT BE,100,2016
Sage The Gemini,RED NOSE,100,2014
"Game Featuring Chris Brown, Tyga, Wiz Khalifa & Lil Wayne",CELEBRATION,100,2013
Lil Wayne Featuring Detail,NO WORRIES,100,2012
Ne-Yo,CHAMPAGNE LIFE,100,2011
Toni Braxton,"HANDS TIED",100,2010
Mullage,TRICK'N,100,2009
Ne-Yo,GO ON GIRL,100,2008
The Game Featuring Kanye West,WOULDN'T GET FAR,100,2007