artists,ranking,year
SEAN PAUL,1,2006
CHRIS BROWN,2,2006
NICKELBACK,3,2006
NE-YO,4,2006
THE FRAY,5,2006
RIHANNA,6,2006
THE PUSSYCAT DOLLS,7,2006
THE ALL-AMERICAN REJECTS,8,2006
RASCAL FLATTS,9,2006
JUSTIN TIMBERLAKE,10,2006
BEYONCE,11,2006
MARY J. BLIGE,12,2006
DANIEL POWTER,13,2006
JAMES BLUNT,14,2006
KELLY CLARKSON,15,2006
NATASHA BEDINGFIELD,16,2006
FALL OUT BOY,17,2006
T.I.,18,2006
YUNG JOC,19,2006
NELLY FURTADO,20,2006
GNARLS BARKLEY,21,2006
CHAMILLIONAIRE,22,2006
FERGIE,23,2006
CASSIE,24,2006
THE BLACK EYED PEAS,25,2006
RED HOT CHILI PEPPERS,26,2006
SHAKIRA,27,2006
NELLY,28,2006
PANIC! AT THE DISCO,29,2006
MARIAH CAREY,30,2006
DEM FRANCHIZE BOYZ,31,2006
EMINEM,32,2006
T-PAIN,33,2006
CHRISTINA AGUILERA,34,2006
CARRIE UNDERWOOD,35,2006
SNOW PATROL,36,2006
LUDACRIS,37,2006
JAMIE FOXX,38,2006
HINDER,39,2006
KT TUNSTALL,40,2006
CASCADA,41,2006
D4L,42,2006
KENNY CHESNEY,43,2006
KEYSHIA COLE,44,2006
KANYE WEST,45,2006
E-40,46,2006
JUELZ SANTANA,47,2006
NICK LACHEY,48,2006
BUSTA RHYMES,49,2006
LIL JON,50,2006
AKON,51,2006
BON JOVI,52,2006
CIARA,53,2006
FORT MINOR,54,2006
THREE 6 MAFIA,55,2006
BUBBA SPARXXX,56,2006
TIM MCGRAW,57,2006
JIBBS,58,2006
DIERKS BENTLEY,59,2006
RAY J,60,2006
JOSH TURNER,61,2006
KEITH URBAN,62,2006
LIL WAYNE,63,2006
BRAD PAISLEY,64,2006
ASHLEE SIMPSON,65,2006
CHERISH,66,2006
JOJO,67,2006
DANITY KANE,68,2006
FIELD MOB,69,2006
TIMBALAND,70,2006
DADDY YANKEE,71,2006
EVANESCENCE,72,2006
WEEZER,73,2006
MADONNA,74,2006
BLUE OCTOBER,75,2006
TOBY KEITH,76,2006
LIFEHOUSE,77,2006
WYCLEF JEAN,78,2006
YOUNG JEEZY,79,2006
BOW WOW,80,2006
YOUNG DRO,81,2006
JOHN MAYER,82,2006
PAUL WALL,83,2006
KELIS,84,2006
CHINGY,85,2006
GWEN STEFANI,86,2006
KRAYZIE BONE,87,2006
GEORGE STRAIT,88,2006
SLIM THUG,89,2006
TRACE ADKINS,90,2006
GORILLAZ,91,2006
TAYLOR HICKS,92,2006
SNOOP DOGG,93,2006
LITTLE BIG TOWN,94,2006
PINK,95,2006
GOO GOO DOLLS,96,2006
FAITH HILL,97,2006
TEDDY GEIGER,98,2006
THE WRECKERS,99,2006
AKON,1,2007
FERGIE,2,2007
JUSTIN TIMBERLAKE,3,2007
BEYONCE,4,2007
T-PAIN,5,2007
DAUGHTRY,6,2007
CARRIE UNDERWOOD,7,2007
AVRIL LAVIGNE,8,2007
TIMBALAND,9,2007
RIHANNA,10,2007
GWEN STEFANI,11,2007
NELLY FURTADO,12,2007
NICKELBACK,13,2007
FALL OUT BOY,14,2007
MAROON 5,15,2007
PLAIN WHITE T'S,16,2007
MIMS,17,2007
PINK,18,2007
T.I.,19,2007
KANYE WEST,20,2007
UNK,21,2007
LUDACRIS,22,2007
SHOP BOYZ,23,2007
THE FRAY,24,2007
CIARA,25,2007
NE-YO,26,2007
SEAN KINGSTON,27,2007
SOULJA BOY TELL'EM,28,2007
LLOYD,29,2007
HINDER,30,2007
BOW WOW,31,2007
JIM JONES,32,2007
CHRIS BROWN,33,2007
LINKIN PARK,34,2007
RASCAL FLATTS,35,2007
JAY-Z,36,2007
MY CHEMICAL ROMANCE,37,2007
GYM CLASS HEROES,38,2007
BRAD PAISLEY,39,2007
DIDDY,40,2007
KENNY CHESNEY,41,2007
HUEY,42,2007
TIM MCGRAW,43,2007
ELLIOTT YAMIN,44,2007
TAYLOR SWIFT,45,2007
CHRISTINA AGUILERA,46,2007
SNOOP DOGG,47,2007
JOHN MAYER,48,2007
OMARION,49,2007
KELLY CLARKSON,50,2007
KEYSHIA COLE,51,2007
ROBIN THICKE,52,2007
R. KELLY,53,2007
HURRICANE CHRIS,54,2007
THE RED JUMPSUIT APPARATUS,55,2007
FABOLOUS,56,2007
YOUNG JEEZY,57,2007
THE ALL-AMERICAN REJECTS,58,2007
50 CENT,59,2007
SNOW PATROL,60,2007
YUNG JOC,61,2007
LIL WAYNE,62,2007
KEITH URBAN,63,2007
AMY WINEHOUSE,64,2007
RODNEY ATKINS,65,2007
SUGARLAND,66,2007
MUSIQ SOULCHILD,67,2007
COLBIE CAILLAT,68,2007
J. HOLIDAY,69,2007
FAT JOE,70,2007
ALICIA KEYS,71,2007
PLIES,72,2007
BOYS LIKE GIRLS,73,2007
GEORGE STRAIT,74,2007
LIL' BOOSIE,75,2007
RED HOT CHILI PEPPERS,76,2007
HELLOGOODBYE,77,2007
LIFEHOUSE,78,2007
PRETTY RICKY,79,2007
BABY BOY DA PRINCE,80,2007
BONE THUGS-N-HARMONY,81,2007
THREE DAYS GRACE,82,2007
PAULA DEANDA,83,2007
EMINEM,84,2007
JONAS BROTHERS,85,2007
FINGER ELEVEN,86,2007
TOBY KEITH,87,2007
RICH BOY,88,2007
MARY J. BLIGE,89,2007
FANTASIA,90,2007
HANNAH MONTANA,91,2007
KERI HILSON,92,2007
BIG & RICH,93,2007
JASON ALDEAN,94,2007
DJ KHALED,95,2007
AUGUSTANA,96,2007
BRITNEY SPEARS,97,2007
EVE,98,2007
PATRICK STUMP,99,2007
KILO,100,2007
CHRIS BROWN,1,2008
RIHANNA,2,2008
LIL WAYNE,3,2008
TAYLOR SWIFT,4,2008
ALICIA KEYS,5,2008
LEONA LEWIS,6,2008
T-PAIN,7,2008
FLO RIDA,8,2008
JORDIN SPARKS,9,2008
KANYE WEST,10,2008
KATY PERRY,11,2008
NE-YO,12,2008
T.I.,13,2008
COLBIE CAILLAT,14,2008
TIMBALAND,15,2008
SARA BAREILLES,16,2008
NATASHA BEDINGFIELD,17,2008
COLDPLAY,18,2008
FERGIE,19,2008
MILEY CYRUS,20,2008
MARIAH CAREY,21,2008
USHER,22,2008
ONEREPUBLIC,23,2008
BRITNEY SPEARS,24,2008
JONAS BROTHERS,25,2008
PINK,26,2008
CARRIE UNDERWOOD,27,2008
AKON,28,2008
SEAN KINGSTON,29,2008
THE-DREAM,30,2008
KEYSHIA COLE,31,2008
PLIES,32,2008
FINGER ELEVEN,33,2008
JESSE MCCARTNEY,34,2008
BRAD PAISLEY,35,2008
JASON MRAZ,36,2008
SOULJA BOY TELL'EM,37,2008
DAUGHTRY,38,2008
YOUNG JEEZY,39,2008
METRO STATION,40,2008
DAVID COOK,41,2008
YUNG BERG,42,2008
J. HOLIDAY,43,2008
M.I.A.,44,2008
SUGARLAND,45,2008
DANITY KANE,46,2008
GEORGE STRAIT,47,2008
PARAMORE,48,2008
MADONNA,49,2008
BUCKCHERRY,50,2008
KENNY CHESNEY,51,2008
JOHN MAYER,52,2008
THE PUSSYCAT DOLLS,53,2008
SNOOP DOGG,54,2008
MAROON 5,55,2008
RAY J,56,2008
LINKIN PARK,57,2008
3 DOORS DOWN,58,2008
KARDINAL OFFISHALL,59,2008
ALAN JACKSON,60,2008
RASCAL FLATTS,61,2008
SECONDHAND SERENADE,62,2008
STATIC MAJOR,63,2008
TREY SONGZ,64,2008
COLBY O'DONIS,65,2008
MARY J. BLIGE,66,2008
DAVID ARCHULETA,67,2008
MONTGOMERY GENTRY,68,2008
ESTELLE,69,2008
BEYONCE,70,2008
NICKELBACK,71,2008
WEBBIE,72,2008
RICK ROSS,73,2008
BABY BASH,74,2008
TOBY KEITH,75,2008
KEITH URBAN,76,2008
KID ROCK,77,2008
GAVIN DEGRAW,78,2008
JAZMINE SULLIVAN,79,2008
WYCLEF JEAN,80,2008
JUSTIN TIMBERLAKE,81,2008
TRACE ADKINS,82,2008
GAVIN ROSSDALE,83,2008
LUPE FIASCO,84,2008
KEVIN RUDOLF,85,2008
DAVID BANNER,86,2008
SAVING ABEL,87,2008
LIFEHOUSE,88,2008
BOYS LIKE GIRLS,89,2008
YAEL NAIM,90,2008
THREE 6 MAFIA,91,2008
PITBULL,92,2008
JENNIFER HUDSON,93,2008
THE GAME,94,2008
DJ KHALED,95,2008
JAMES OTTO,96,2008
DUFFY,97,2008
MATCHBOX TWENTY,98,2008
BLAKE SHELTON,99,2008
LADY GAGA,1,2009
THE BLACK EYED PEAS,2,2009
BEYONCE,3,2009
TAYLOR SWIFT,4,2009
KANYE WEST,5,2009
T.I.,6,2009
BRITNEY SPEARS,7,2009
MILEY CYRUS,8,2009
FLO RIDA,9,2009
KATY PERRY,10,2009
PINK,11,2009
PITBULL,12,2009
NE-YO,13,2009
KELLY CLARKSON,14,2009
THE FRAY,15,2009
JASON MRAZ,16,2009
DRAKE,17,2009
LIL WAYNE,18,2009
RIHANNA,19,2009
KINGS OF LEON,20,2009
THE ALL-AMERICAN REJECTS,21,2009
KERI HILSON,22,2009
SOULJA BOY TELL'EM,23,2009
AKON,24,2009
T-PAIN,25,2009
KID CUDI,26,2009
SHINEDOWN,27,2009
NICKELBACK,28,2009
ZAC BROWN BAND,29,2009
JAMIE FOXX,30,2009
3OH!3,31,2009
JEREMIH,32,2009
SEAN KINGSTON,33,2009
KEITH URBAN,34,2009
JAY SEAN,35,2009
MARIAH CAREY,36,2009
JASON DERULO,37,2009
LADY ANTEBELLUM,38,2009
JASON ALDEAN,39,2009
JAY-Z,40,2009
THE PUSSYCAT DOLLS,41,2009
RASCAL FLATTS,42,2009
KEVIN RUDOLF,43,2009
GREEN DAY,44,2009
BRAD PAISLEY,45,2009
DARIUS RUCKER,46,2009
TOBY KEITH,47,2009
COLBY O'DONIS,48,2009
EMINEM,49,2009
CARRIE UNDERWOOD,50,2009
KENNY CHESNEY,51,2009
THE-DREAM,52,2009
DIERKS BENTLEY,53,2009
COLDPLAY,54,2009
COLBIE CAILLAT,55,2009
DAUGHTRY,56,2009
JORDIN SPARKS,57,2009
BILLY CURRINGTON,58,2009
OWL CITY,59,2009
LINKIN PARK,60,2009
JUSTIN BIEBER,61,2009
SHAKIRA,62,2009
COBRA STARSHIP,63,2009
JUSTIN TIMBERLAKE,64,2009
YOUNG MONEY,65,2009
DAVID COOK,66,2009
THE VERONICAS,67,2009
BOYS LIKE GIRLS,68,2009
SUGARLAND,69,2009
ASHER ROTH,70,2009
MAXWELL,71,2009
LEONA LEWIS,72,2009
GEORGE STRAIT,73,2009
ROB THOMAS,74,2009
LUDACRIS,75,2009
IYAZ,76,2009
DEMI LOVATO,77,2009
NEW BOYZ,78,2009
ALICIA KEYS,79,2009
KRISTINIA DEBARGE,80,2009
BLAKE SHELTON,81,2009
SAMMIE,82,2009
MONTGOMERY GENTRY,83,2009
THE TING TINGS,84,2009
PLEASURE P,85,2009
PLAIN WHITE T'S,86,2009
FABOLOUS,87,2009
JESSE MCCARTNEY,88,2009
TREY SONGZ,89,2009
THEORY OF A DEADMAN,90,2009
ALAN JACKSON,91,2009
LMFAO,92,2009
50 CENT,93,2009
DORROUGH,94,2009
KELLIE PICKLER,95,2009
DAVID GUETTA,96,2009
TIM MCGRAW,97,2009
CIARA,98,2009
SAVING ABEL,99,2009
KE$HA,1,2010
LADY GAGA,2,2010
USHER,3,2010
RIHANNA,4,2010
THE BLACK EYED PEAS,5,2010
JASON DERULO,6,2010
KATY PERRY,7,2010
EMINEM,8,2010
DRAKE,9,2010
TAIO CRUZ,10,2010
B.O.B,11,2010
TAYLOR SWIFT,12,2010
LADY ANTEBELLUM,13,2010
TRAIN,14,2010
LUDACRIS,15,2010
BRUNO MARS,16,2010
TREY SONGZ,17,2010
JAY-Z,18,2010
IYAZ,19,2010
JUSTIN BIEBER,20,2010
MIKE POSNER,21,2010
NICKI MINAJ,22,2010
GLEE CAST,23,2010
LIL WAYNE,24,2010
JAY SEAN,25,2010
YOUNG MONEY,26,2010
DAVID GUETTA,27,2010
ALICIA KEYS,28,2010
THE SCRIPT,29,2010
TIMBALAND,30,2010
ADAM LAMBERT,31,2010
ONEREPUBLIC,32,2010
MILEY CYRUS,33,2010
PITBULL,34,2010
SNOOP DOGG,35,2010
CARRIE UNDERWOOD,36,2010
OWL CITY,37,2010
ENRIQUE IGLESIAS,38,2010
NELLY,39,2010
TRAVIE MCCOY,40,2010
MICHAEL BUBLE,41,2010
BEYONCE,42,2010
LA ROUX,43,2010
ZAC BROWN BAND,44,2010
CHRIS BROWN,45,2010
SELENA GOMEZ,46,2010
MIRANDA LAMBERT,47,2010
KRIS ALLEN,48,2010
JASON ALDEAN,49,2010
JOHN MAYER,50,2010
WILL.I.AM,51,2010
3OH!3,52,2010
FAR*EAST MOVEMENT,53,2010
ORIANTHI,54,2010
T.I.,55,2010
P!NK,56,2010
DAUGHTRY,57,2010
MAROON 5,58,2010
HAYLEY WILLIAMS,59,2010
NEON TREES,60,2010
FLO RIDA,61,2010
BRAD PAISLEY,62,2010
KENNY CHESNEY,63,2010
BRITNEY SPEARS,64,2010
KELLY CLARKSON,65,2010
SHONTELLE,66,2010
BILLY CURRINGTON,67,2010
COLBIE CAILLAT,68,2010
NICKELBACK,69,2010
KANYE WEST,70,2010
LUKE BRYAN,71,2010
JOSH TURNER,72,2010
DARIUS RUCKER,73,2010
KINGS OF LEON,74,2010
NEW BOYZ,75,2010
EASTON CORBIN,76,2010
KEITH URBAN,77,2010
AKON,78,2010
SUGARLAND,79,2010
GUCCI MANE,80,2010
LLOYD,81,2010
MONICA,82,2010
BLAKE SHELTON,83,2010
SHAKIRA,84,2010
SEAN KINGSTON,85,2010
YOUNG JEEZY,86,2010
THE BAND PERRY,87,2010
PARAMORE,88,2010
RASCAL FLATTS,89,2010
SARA BAREILLES,90,2010
REBA MCENTIRE,91,2010
UNCLE KRACKER,92,2010
BOYS LIKE GIRLS,93,2010
CALI SWAG DISTRICT,94,2010
JERROD NIEMANN,95,2010
JARON AND THE LONG ROAD TO LOVE,96,2010
CASCADA,97,2010
JUSTIN TIMBERLAKE,98,2010
CEE LO GREEN,99,2010
CHRIS YOUNG,100,2010
KATY PERRY,1,2011
BRUNO MARS,2,2011
RIHANNA,3,2011
ADELE,4,2011
LIL WAYNE,5,2011
LADY GAGA,6,2011
NICKI MINAJ,7,2011
PITBULL,8,2011
CHRIS BROWN,9,2011
BRITNEY SPEARS,10,2011
P!NK,11,2011
THE BLACK EYED PEAS,12,2011
LMFAO,13,2011
WIZ KHALIFA,14,2011
KE$HA,15,2011
DRAKE,16,2011
CEE LO GREEN,17,2011
KANYE WEST,18,2011
JASON ALDEAN,19,2011
TAYLOR SWIFT,20,2011
GLEE CAST,21,2011
ONEREPUBLIC,22,2011
THE BAND PERRY,23,2011
BLAKE SHELTON,24,2011
USHER,25,2011
FOSTER THE PEOPLE,26,2011
ENRIQUE IGLESIAS,27,2011
LADY ANTEBELLUM,28,2011
LUPE FIASCO,29,2011
MAROON 5,30,2011
JENNIFER LOPEZ,31,2011
HOT CHELLE RAE,32,2011
TAIO CRUZ,33,2011
DAVID GUETTA,34,2011
TREY SONGZ,35,2011
ZAC BROWN BAND,36,2011
THE SCRIPT,37,2011
FAR*EAST MOVEMENT,38,2011
JEREMIH,39,2011
KENNY CHESNEY,40,2011
BEYONCE,41,2011
LUKE BRYAN,42,2011
JASON DERULO,43,2011
CHRISTINA PERRI,44,2011
BRAD PAISLEY,45,2011
T-PAIN,46,2011
NELLY,47,2011
BAD MEETS EVIL,48,2011
AVRIL LAVIGNE,49,2011
DEV,50,2011
FLO RIDA,51,2011
DR. DRE,52,2011
KEITH URBAN,53,2011
GYM CLASS HEROES,54,2011
COLDPLAY,55,2011
DIDDY - DIRTY MONEY,56,2011
CHRIS YOUNG,57,2011
MIKE POSNER,58,2011
WAKA FLOCKA FLAME,59,2011
KERI HILSON,60,2011
MIGUEL,61,2011
RASCAL FLATTS,62,2011
MIRANDA LAMBERT,63,2011
DJ KHALED,64,2011
BIG SEAN,65,2011
SELENA GOMEZ,66,2011
ELI YOUNG BAND,67,2011
COBRA STARSHIP,68,2011
NEW BOYZ,69,2011
THOMPSON SQUARE,70,2011
TOBY KEITH,71,2011
KELLY ROWLAND,72,2011
JAKE OWEN,73,2011
KELLY CLARKSON,74,2011
BILLY CURRINGTON,75,2011
TRAIN,76,2011
TINIE TEMPAH,77,2011
ERIC CHURCH,78,2011
CHRISTINA AGUILERA,79,2011
EMINEM,80,2011
RODNEY ATKINS,81,2011
JERROD NIEMANN,82,2011
RICK ROSS,83,2011
50 CENT,84,2011
NEON TREES,85,2011
AFROJACK,86,2011
CARRIE UNDERWOOD,87,2011
SKYLAR GREY,88,2011
JUSTIN BIEBER,89,2011
ALEXANDRA STAN,90,2011
MUMFORD & SONS,91,2011
GEORGE STRAIT,92,2011
SARA EVANS,93,2011
EDWARD MAYA,94,2011
JAY-Z,95,2011
JESSIE J,96,2011
SELENA GOMEZ & THE SCENE,97,2011
DARIUS RUCKER,98,2011
WILLOW,99,2011
RIHANNA,1,2012
FLO RIDA,2,2012
NICKI MINAJ,3,2012
ADELE,4,2012
MAROON 5,5,2012
KATY PERRY,6,2012
FUN.,7,2012
CARLY RAE JEPSEN,8,2012
DRAKE,9,2012
TAYLOR SWIFT,10,2012
KELLY CLARKSON,11,2012
LMFAO,12,2012
ONE DIRECTION,13,2012
GOTYE,14,2012
DAVID GUETTA,15,2012
JUSTIN BIEBER,16,2012
THE WANTED,17,2012
CHRIS BROWN,18,2012
ELLIE GOULDING,19,2012
USHER,20,2012
CALVIN HARRIS,21,2012
BRUNO MARS,22,2012
TRAIN,23,2012
WIZ KHALIFA,24,2012
PITBULL,25,2012
LUKE BRYAN,26,2012
LIL WAYNE,27,2012
BIG SEAN,28,2012
TYGA,29,2012
NEON TREES,30,2012
JASON MRAZ,31,2012
GYM CLASS HEROES,32,2012
ALEX CLARE,33,2012
2 CHAINZ,34,2012
KANYE WEST,35,2012
CARRIE UNDERWOOD,36,2012
P!NK,37,2012
JASON ALDEAN,38,2012
TREY SONGZ,39,2012
ERIC CHURCH,40,2012
DEMI LOVATO,41,2012
KIMBRA,42,2012
J. COLE,43,2012
SIA,44,2012
B.O.B,45,2012
JESSIE J,46,2012
JAY-Z,47,2012
HUNTER HAYES,48,2012
JANELLE MONAE,49,2012
KENNY CHESNEY,50,2012
PSY,51,2012
NE-YO,52,2012
LEE BRICE,53,2012
BLAKE SHELTON,54,2012
PHILLIP PHILLIPS,55,2012
LADY ANTEBELLUM,56,2012
KARMIN,57,2012
MIRANDA LAMBERT,58,2012
TOBY KEITH,59,2012
CHER LLOYD,60,2012
ZAC BROWN BAND,61,2012
GAVIN DEGRAW,62,2012
COLDPLAY,63,2012
TIM MCGRAW,64,2012
RASCAL FLATTS,65,2012
DIERKS BENTLEY,66,2012
GLEE CAST,67,2012
JAKE OWEN,68,2012
LITTLE BIG TOWN,69,2012
THE LUMINEERS,70,2012
IMAGINE DRAGONS,71,2012
MUMFORD & SONS,72,2012
THE BAND PERRY,73,2012
BEYONCE,74,2012
KIP MOORE,75,2012
OWL CITY,76,2012
MIGUEL,77,2012
KIRKO BANGZ,78,2012
CHRISTINA AGUILERA,79,2012
KEITH URBAN,80,2012
KE$HA,81,2012
SELENA GOMEZ & THE SCENE,82,2012
CHRISTINA PERRI,83,2012
CA$H OUT,84,2012
ELI YOUNG BAND,85,2012
FOSTER THE PEOPLE,86,2012
LINKIN PARK,87,2012
OF MONSTERS AND MEN,88,2012
FUTURE,89,2012
LOVE AND THEFT,90,2012
JOSH TURNER,91,2012
SNOOP DOGG,92,2012
GLORIANA,93,2012
DUSTIN LYNCH,94,2012
WALE,95,2012
RICK ROSS,96,2012
OUTASIGHT,97,2012
FRANK OCEAN,98,2012
T-PAIN,99,2012
BRANTLEY GILBERT,100,2012
BRUNO MARS,1,2013
MACKLEMORE & RYAN LEWIS,2,2013
IMAGINE DRAGONS,3,2013
JUSTIN TIMBERLAKE,4,2013
RIHANNA,5,2013
TAYLOR SWIFT,6,2013
MILEY CYRUS,7,2013
MAROON 5,8,2013
BAAUER,9,2013
DRAKE,10,2013
P!NK,11,2013
ROBIN THICKE,12,2013
FLORIDA GEORGIA LINE,13,2013
KATY PERRY,14,2013
THE LUMINEERS,15,2013
LORDE,16,2013
JAY Z,17,2013
ONE DIRECTION,18,2013
PHILLIP PHILLIPS,19,2013
LIL WAYNE,20,2013
AVICII,21,2013
KENDRICK LAMAR,22,2013
SELENA GOMEZ,23,2013
LUKE BRYAN,24,2013
HUNTER HAYES,25,2013
BLAKE SHELTON,26,2013
ANNA KENDRICK,27,2013
KE$HA,28,2013
FUN.,29,2013
DAFT PUNK,30,2013
NICKI MINAJ,31,2013
CHRIS BROWN,32,2013
EMINEM,33,2013
JUSTIN BIEBER,34,2013
PSY,35,2013
AWOLNATION,36,2013
WILL.I.AM,37,2013
MIGUEL,38,2013
2 CHAINZ,39,2013
CALVIN HARRIS,40,2013
PITBULL,41,2013
LADY GAGA,42,2013
CAPITAL CITIES,43,2013
FUTURE,44,2013
TIM MCGRAW,45,2013
BRITNEY SPEARS,46,2013
WANZ,47,2013
ZEDD,48,2013
FALL OUT BOY,49,2013
ED SHEERAN,50,2013
ONEREPUBLIC,51,2013
J. COLE,52,2013
THE BAND PERRY,53,2013
DEMI LOVATO,54,2013
ARIANA GRANDE,55,2013
FLO RIDA,56,2013
ELLIE GOULDING,57,2013
DARIUS RUCKER,58,2013
JASON ALDEAN,59,2013
MUMFORD & SONS,60,2013
SWEDISH HOUSE MAFIA,61,2013
ICONA POP,62,2013
CARRIE UNDERWOOD,63,2013
JASON DERULO,64,2013
A$AP ROCKY,65,2013
LANA DEL REY,66,2013
KELLY CLARKSON,67,2013
T.I.,68,2013
RANDY HOUSER,69,2013
MIRANDA LAMBERT,70,2013
NELLY,71,2013
OF MONSTERS AND MEN,72,2013
LEE BRICE,73,2013
NATE RUESS,74,2013
WALE,75,2013
BIG SEAN,76,2013
LADY ANTEBELLUM,77,2013
ALICIA KEYS,78,2013
SAGE THE GEMINI,79,2013
CIARA,80,2013
YLVIS,81,2013
MIKKY EKKO,82,2013
BRAD PAISLEY,83,2013
JUICY J,84,2013
ZAC BROWN BAND,85,2013
KIP MOORE,86,2013
NE-YO,87,2013
KENNY CHESNEY,88,2013
ERIC CHURCH,89,2013
JAKE OWEN,90,2013
THOMAS RHETT,91,2013
CEDRIC GERVAIS,92,2013
CHRIS YOUNG,93,2013
MARIAH CAREY,94,2013
SARA BAREILLES,95,2013
PASSENGER,96,2013
KATY PERRY,1,2014
PHARRELL WILLIAMS,2,2014
IGGY AZALEA,3,2014
JOHN LEGEND,4,2014
ONEREPUBLIC,5,2014
JASON DERULO,6,2014
LORDE,7,2014
SAM SMITH,8,2014
ARIANA GRANDE,9,2014
IMAGINE DRAGONS,10,2014
MEGHAN TRAINOR,11,2014
TAYLOR SWIFT,12,2014
MAGIC!,13,2014
NICKI MINAJ,14,2014
PITBULL,15,2014
AVICII,16,2014
ONE DIRECTION,17,2014
CHARLI XCX,18,2014
DRAKE,19,2014
BASTILLE,20,2014
MAROON 5,21,2014
NICO & VINZ,22,2014
LUKE BRYAN,23,2014
EMINEM,24,2014
CHRIS BROWN,25,2014
FLORIDA GEORGIA LINE,26,2014
ED SHEERAN,27,2014
IDINA MENZEL,28,2014
BEYONCE,29,2014
MILEY CYRUS,30,2014
PASSENGER,31,2014
CALVIN HARRIS,32,2014
JUSTIN TIMBERLAKE,33,2014
SIA,34,2014
TOVE LO,35,2014
AMERICAN AUTHORS,36,2014
JUICY J,37,2014
JASON ALDEAN,38,2014
COLDPLAY,39,2014
ELLIE GOULDING,40,2014
5 SECONDS OF SUMMER,41,2014
DEMI LOVATO,42,2014
YG,43,2014
TREY SONGZ,44,2014
KID INK,45,2014
LIL JON,46,2014
PARAMORE,47,2014
DJ SNAKE,48,2014
BLAKE SHELTON,49,2014
2 CHAINZ,50,2014
BRANTLEY GILBERT,51,2014
ALOE BLACC,52,2014
DISCLOSURE,53,2014
DIERKS BENTLEY,54,2014
LADY ANTEBELLUM,55,2014
SCHOOLBOY Q,56,2014
MKTO,57,2014
A GREAT BIG WORLD,58,2014
CHRISTINA AGUILERA,59,2014
ENRIQUE IGLESIAS,60,2014
BOBBY SHMURDA,61,2014
CLEAN BANDIT,62,2014
RIHANNA,63,2014
JEREMIH,64,2014
SHAKIRA,65,2014
ECHOSMITH,66,2014
LADY GAGA,67,2014
COLE SWINDELL,68,2014
JAY Z,69,2014
YOUNG THUG,70,2014
ZEDD,71,2014
MIRANDA LAMBERT,72,2014
KEITH URBAN,73,2014
BECKY G,74,2014
KE$HA,75,2014
RIXTON,76,2014
MARTIN GARRIX,77,2014
RAE SREMMURD,78,2014
T.I.,79,2014
KENNY CHESNEY,80,2014
FRANKIE BALLARD,81,2014
SARA BAREILLES,82,2014
ERIC CHURCH,83,2014
WIZ KHALIFA,84,2014
THE NEIGHBOURHOOD,85,2014
SAM HUNT,86,2014
LEE BRICE,87,2014
JAKE OWEN,88,2014
JOE NICHOLS,89,2014
JOHN NEWMAN,90,2014
RICH HOMIE QUAN,91,2014
KONGOS,92,2014
TINASHE,93,2014
RITA ORA,94,2014
TIM MCGRAW,95,2014
JESSIE J,96,2014
LIL WAYNE,97,2014
VANCE JOY,98,2014
THOMAS RHETT,99,2014
THE WEEKND,1,2015
TAYLOR SWIFT,2,2015
FETTY WAP,3,2015
ED SHEERAN,4,2015
DRAKE,5,2015
MAROON 5,6,2015
MEGHAN TRAINOR,7,2015
MARK RONSON,8,2015
SAM SMITH,9,2015
WALK THE MOON,10,2015
ELLIE GOULDING,11,2015
NICKI MINAJ,12,2015
SILENTO,13,2015
WIZ KHALIFA,14,2015
OMI,15,2015
JUSTIN BIEBER,16,2015
SELENA GOMEZ,17,2015
JASON DERULO,18,2015
NICK JONAS,19,2015
HOZIER,20,2015
FALL OUT BOY,21,2015
TOVE LO,22,2015
SAM HUNT,23,2015
ONE DIRECTION,24,2015
RAE SREMMURD,25,2015
ARIANA GRANDE,26,2015
RACHEL PLATTEN,27,2015
BRUNO MARS,28,2015
CHARLIE PUTH,29,2015
SIA,30,2015
LUKE BRYAN,31,2015
ANDY GRAMMER,32,2015
FUTURE,33,2015
RIHANNA,34,2015
FIFTH HARMONY,35,2015
BIG SEAN,36,2015
SHAWN MENDES,37,2015
ADELE,38,2015
CHRIS BROWN,39,2015
FLO RIDA,40,2015
DJ SNAKE,41,2015
DEMI LOVATO,42,2015
FLORIDA GEORGIA LINE,43,2015
RICH HOMIE QUAN,44,2015
DAVID GUETTA,45,2015
KENDRICK LAMAR,46,2015
THOMAS RHETT,47,2015
OMARION,48,2015
BEYONCE,49,2015
TREY SONGZ,50,2015
BLAKE SHELTON,51,2015
J. COLE,52,2015
JEREMIH,53,2015
T-WAYNE,54,2015
NE-YO,55,2015
CARRIE UNDERWOOD,56,2015
KID INK,57,2015
X AMBASSADORS,58,2015
PITBULL,59,2015
LITTLE BIG TOWN,60,2015
ZAC BROWN BAND,61,2015
ERIC CHURCH,62,2015
CALVIN HARRIS,63,2015
R. CITY,64,2015
NATALIE LA ROSE,65,2015
KEITH URBAN,66,2015
MEEK MILL,67,2015
USHER,68,2015
MAJOR LAZER,69,2015
JASON ALDEAN,70,2015
KANYE WEST,71,2015
BRETT ELDREDGE,72,2015
VANCE JOY,73,2015
CHRIS YOUNG,74,2015
KENNY CHESNEY,75,2015
ELLE KING,76,2015
IGGY AZALEA,77,2015
O.T. GENASIS,78,2015
ILOVEMEMPHIS,79,2015
COLE SWINDELL,80,2015
SKRILLEX (tie),81,2015
DIPLO (tie),81,2015
MO,83,2015
GEORGE EZRA,84,2015
DEJ LOAF,85,2015
TIM MCGRAW,86,2015
KELLY CLARKSON,87,2015
JIDENNA,88,2015
ECHOSMITH,89,2015
ELLA HENDERSON,90,2015
ALESSIA CARA,91,2015
MR. PROBZ,92,2015
A$AP ROCKY,93,2015
CHRIS JANSON,94,2015
ZEDD,95,2015
IMAGINE DRAGONS,96,2015
REMY BOYZ,97,2015
PAUL MCCARTNEY,98,2015
JAMES NEWTON HOWARD,99,2015
I LOVE MAKONNEN,100,2015
DRAKE,1,2016
JUSTIN BIEBER,2,2016
TWENTY ONE PILOTS,3,2016
RIHANNA,4,2016
ADELE,5,2016
THE CHAINSMOKERS,6,2016
THE WEEKND,7,2016
DESIIGNER,8,2016
SHAWN MENDES,9,2016
ARIANA GRANDE,10,2016
SELENA GOMEZ,11,2016
MEGHAN TRAINOR,12,2016
LUKAS GRAHAM,13,2016
FUTURE,14,2016
JUSTIN TIMBERLAKE,15,2016
BRYSON TILLER,16,2016
FETTY WAP,17,2016
DNCE,18,2016
FLO RIDA,19,2016
MIKE POSNER,20,2016
DAYA,21,2016
SIA,22,2016
CHARLIE PUTH,23,2016
ALESSIA CARA,24,2016
FIFTH HARMONY,25,2016
ZAYN,26,2016
BEYONCE,27,2016
CALVIN HARRIS,28,2016
FLORIDA GEORGIA LINE,29,2016
KEVIN GATES,30,2016
TORY LANEZ,31,2016
MAJOR LAZER,32,2016
DJ SNAKE,33,2016
P!NK,34,2016
THOMAS RHETT,35,2016
G-EAZY,36,2016
COLDPLAY,37,2016
KANYE WEST,38,2016
JEREMIH,39,2016
DJ KHALED,40,2016
BEBE REXHA,41,2016
LUKE BRYAN,42,2016
JAMES BAY,43,2016
KENT JONES,44,2016
TAYLOR SWIFT,45,2016
X AMBASSADORS,46,2016
KIIARA,47,2016
ELLE KING,48,2016
TRAVIS SCOTT,49,2016
TY DOLLA $IGN,50,2016
SAM HUNT,51,2016
HALSEY,52,2016
CARRIE UNDERWOOD,53,2016
BLAKE SHELTON,54,2016
ELLIE GOULDING,55,2016
COLE SWINDELL,56,2016
POST MALONE,57,2016
D.R.A.M.,58,2016
CHRIS BROWN,59,2016
KEITH URBAN,60,2016
JASON ALDEAN,61,2016
GNASH,62,2016
DIERKS BENTLEY,63,2016
ONE DIRECTION,64,2016
TIM MCGRAW,65,2016
PRINCE,66,2016
LIL UZI VERT,67,2016
YOUNG THUG,68,2016
SEAN PAUL,69,2016
RUTH B,70,2016
KELSEA BALLERINI,71,2016
ZARA LARSSON,72,2016
LIL YACHTY,73,2016
YO GOTTI,74,2016
FLUME,75,2016
OLD DOMINION,76,2016
NICK JONAS,77,2016
SILENTO,78,2016
WIZ KHALIFA,79,2016
RAE SREMMURD,80,2016
KENNY CHESNEY,81,2016
MNEK,82,2016
ERIC CHURCH,83,2016
MAREN MORRIS,84,2016
DEMI LOVATO,85,2016
JON PARDI,86,2016
RACHEL PLATTEN,87,2016
KYLA (tie),88,2016
WIZKID (tie),88,2016
DAN + SHAY,90,2016
NICKI MINAJ,91,2016
BRUNO MARS,92,2016
LOCASH,93,2016
DISTURBED,94,2016
BRETT ELDREDGE,95,2016
MADEINTYO,96,2016
MO,97,2016
ROZES,98,2016
TROYE SIVAN,99,2016
USHER,100,2016
"I LOVE MAKONNEN",100,2015
"THOMAS RHETT",100,2014
TRINIDAD JAMES,100,2013
BRANTLEY GILBERT,100,2012
WILLOW,100,2011
CHRIS YOUNG,100,2010
SAVING ABEL,100,2009
BLAKE SHELTON,100,2008
KILO,100,2007
THE WRECKERS,100,2006